{
  "version": 1,
  "author": "Anonymous maker",
  "editor": "wokwi",
  "parts": [
    {
      "type": "board-esp32-devkit-c-v4",
      "id": "esp",
      "top": 0,
      "left": 0,
      "attrs": { "builder": "esp-idf" }
    },
    { "type": "wokwi-potentiometer", "id": "pot1", "top": -97.3, "left": 153.4, "attrs": {} },
    {
      "type": "wokwi-led",
      "id": "led1",
      "top": 92.4,
      "left": 167,
      "attrs": { "color": "red", "flip": "1" }
    },
    {
      "type": "wokwi-resistor",
      "id": "r1",
      "top": 167.15,
      "left": 230.4,
      "attrs": { "value": "1000" }
    }
  ],
  "connections": [
    [ "esp:TX", "$serialMonitor:RX", "", [] ],
    [ "esp:RX", "$serialMonitor:TX", "", [] ],
    [ "pot1:GND", "esp:GND.2", "black", [ "v0" ] ],
    [ "pot1:VCC", "esp:3V3", "red", [ "v19.2", "h-197.79" ] ],
    [ "pot1:SIG", "esp:34", "green", [ "v76.8", "h-58", "v-96", "h-172.8", "v115.2" ] ],
    [ "esp:2", "led1:A", "green", [ "h0" ] ],
    [ "led1:C", "r1:1", "green", [ "v0" ] ],
    [ "r1:2", "pot1:GND", "green", [ "v-105.6", "h-106.8" ] ]
  ],
  "dependencies": {}
}