{
  "version": 1,
  "author": "Uri Shaked",
  "editor": "wokwi",
  "parts": [
    { "type": "wokwi-breadboard", "id": "bb1", "top": -108.6, "left": -54.8, "attrs": {} },
    { "type": "wokwi-arduino-uno", "id": "uno", "top": 160, "left": 20, "attrs": {} },
    { "type": "wokwi-dht22", "id": "dht", "top": -153.3, "left": 330.6, "attrs": {} },
    { "type": "wokwi-lcd1602", "id": "lcd1", "top": -121.37, "left": 6.4, "attrs": {} },
    {
      "type": "wokwi-resistor",
      "id": "r1",
      "top": 52.8,
      "left": 143.45,
      "rotate": 90,
      "attrs": { "value": "220" }
    },
    {
      "type": "wokwi-led",
      "id": "led1",
      "top": -99.6,
      "left": 416.6,
      "attrs": { "color": "red" }
    },
    {
      "type": "wokwi-led",
      "id": "led2",
      "top": -99.6,
      "left": 445.4,
      "attrs": { "color": "yellow" }
    },
    {
      "type": "wokwi-led",
      "id": "led3",
      "top": -99.6,
      "left": 474.2,
      "attrs": { "color": "green" }
    },
    {
      "type": "wokwi-buzzer",
      "id": "bz1",
      "top": -122.4,
      "left": 520.2,
      "attrs": { "volume": "0.1" }
    },
    {
      "type": "wokwi-photoresistor-sensor",
      "id": "ldr1",
      "top": -25.6,
      "left": -181.6,
      "attrs": {}
    },
    {
      "type": "wokwi-resistor",
      "id": "r2",
      "top": -24,
      "left": 412.25,
      "rotate": 90,
      "attrs": { "value": "220" }
    },
    {
      "type": "wokwi-resistor",
      "id": "r3",
      "top": -24,
      "left": 441.05,
      "rotate": 90,
      "attrs": { "value": "220" }
    },
    {
      "type": "wokwi-resistor",
      "id": "r4",
      "top": -24,
      "left": 469.85,
      "rotate": 90,
      "attrs": { "value": "220" }
    },
    {
      "type": "wokwi-resistor",
      "id": "r5",
      "top": 52.8,
      "left": -38.95,
      "rotate": 90,
      "attrs": { "value": "1000" }
    }
  ],
  "connections": [
    [ "uno:2", "dht:SDA", "white", [ "v-25", "h108.2" ] ],
    [ "lcd1:D6", "uno:4", "yellow", [ "v38.4", "h84.1" ] ],
    [ "lcd1:D5", "uno:5", "cyan", [ "v57.6", "h84.1" ] ],
    [ "uno:6", "lcd1:D4", "magenta", [ "v-111.4", "h-84.1" ] ],
    [ "lcd1:E", "uno:7", "limegreen", [ "v115.2", "h122.6" ] ],
    [ "lcd1:RW", "uno:8", "green", [ "v124.8", "h116.1" ] ],
    [ "uno:9", "lcd1:RS", "blue", [ "v-25", "h-116.1" ] ],
    [ "uno:GND.1", "bb1:bp.13", "black", [ "v-53.8", "h-9.9" ] ],
    [ "lcd1:VSS", "bb1:bp.12", "black", [ "v57.6", "h77.6" ] ],
    [ "bb1:bp.14", "lcd1:K", "black", [ "v-10.5", "h47.2" ] ],
    [ "bb1:bn.10", "bb1:bn.16", "red", [ "v8.3", "h76.8" ] ],
    [ "lcd1:D7", "uno:3", "gray", [ "v28.8", "h84.1" ] ],
    [ "lcd1:V0", "bb1:bp.11", "black", [ "v57.6", "h48.5" ] ],
    [ "dht:VCC", "bb1:40b.i", "red", [ "v0" ] ],
    [ "bb1:bn.18", "bb1:bn.31", "red", [ "v8.3", "h153.6" ] ],
    [ "bb1:bn.32", "bb1:40b.j", "red", [ "v0" ] ],
    [ "ldr1:GND", "uno:GND.2", "black", [ "h9.6", "v364.4", "h189.5" ] ],
    [ "bb1:bp.35", "dht:GND", "black", [ "v0" ] ],
    [ "bb1:bp.50", "bb1:61t.d", "black", [ "v0" ] ],
    [ "uno:13", "bb1:62t.d", "orange", [ "v-15.4", "h411.8" ] ],
    [ "uno:12", "bb1:50b.g", "red", [ "v51.8", "h287.1" ] ],
    [ "uno:11", "bb1:53b.g", "yellow", [ "v42.2", "h306.4" ] ],
    [ "uno:10", "bb1:56b.g", "green", [ "v32.6", "h325.7" ] ],
    [ "bb1:bp.34", "bb1:bp.37", "black", [ "v-10.5", "h38.4" ] ],
    [ "bb1:bp.38", "uno:GND.3", "black", [ "v181.5", "h-214.6" ] ],
    [ "bb1:bp.39", "bb1:bp.49", "black", [ "v-10.5", "h115.2" ] ],
    [ "bb1:bp.40", "bb1:bp.41", "black", [ "v0" ] ],
    [ "bb1:bp.42", "bb1:49t.b", "black", [ "v-29.7", "h-29.6" ] ],
    [ "bb1:bp.43", "bb1:52t.b", "black", [ "v-39.3", "h-10.4" ] ],
    [ "bb1:bp.44", "bb1:55t.b", "black", [ "h-0.8", "v-39.3", "h9.6" ] ],
    [ "dht:VCC", "bb1:40t.c", "", [ "$bb" ] ],
    [ "dht:SDA", "bb1:41t.c", "", [ "$bb" ] ],
    [ "dht:NC", "bb1:42t.c", "", [ "$bb" ] ],
    [ "dht:GND", "bb1:43t.c", "", [ "$bb" ] ],
    [ "bz1:1", "bb1:61t.c", "", [ "$bb" ] ],
    [ "bz1:2", "bb1:62t.c", "", [ "$bb" ] ],
    [ "lcd1:VSS", "bb1:8b.f", "", [ "$bb" ] ],
    [ "lcd1:VDD", "bb1:9b.f", "", [ "$bb" ] ],
    [ "lcd1:V0", "bb1:10b.f", "", [ "$bb" ] ],
    [ "lcd1:RS", "bb1:11b.f", "", [ "$bb" ] ],
    [ "lcd1:RW", "bb1:12b.f", "", [ "$bb" ] ],
    [ "lcd1:E", "bb1:13b.f", "", [ "$bb" ] ],
    [ "lcd1:D0", "bb1:14b.f", "", [ "$bb" ] ],
    [ "lcd1:D1", "bb1:15b.f", "", [ "$bb" ] ],
    [ "lcd1:D2", "bb1:16b.f", "", [ "$bb" ] ],
    [ "lcd1:D3", "bb1:17b.f", "", [ "$bb" ] ],
    [ "lcd1:D4", "bb1:18b.f", "", [ "$bb" ] ],
    [ "lcd1:D5", "bb1:19b.f", "", [ "$bb" ] ],
    [ "lcd1:D6", "bb1:20b.f", "", [ "$bb" ] ],
    [ "lcd1:D7", "bb1:21b.f", "", [ "$bb" ] ],
    [ "lcd1:A", "bb1:22b.f", "", [ "$bb" ] ],
    [ "lcd1:K", "bb1:23b.f", "", [ "$bb" ] ],
    [ "r1:1", "bb1:22b.h", "", [ "$bb" ] ],
    [ "r1:2", "bb1:bn.17", "", [ "$bb" ] ],
    [ "r2:1", "bb1:50t.b", "", [ "$bb" ] ],
    [ "r2:2", "bb1:50b.f", "", [ "$bb" ] ],
    [ "r3:1", "bb1:53t.b", "", [ "$bb" ] ],
    [ "r3:2", "bb1:53b.f", "", [ "$bb" ] ],
    [ "r4:1", "bb1:56t.b", "", [ "$bb" ] ],
    [ "r4:2", "bb1:56b.f", "", [ "$bb" ] ],
    [ "led1:A", "bb1:50t.a", "", [ "$bb" ] ],
    [ "led1:C", "bb1:49t.a", "", [ "$bb" ] ],
    [ "led2:A", "bb1:53t.a", "", [ "$bb" ] ],
    [ "led2:C", "bb1:52t.a", "", [ "$bb" ] ],
    [ "led3:A", "bb1:56t.a", "", [ "$bb" ] ],
    [ "led3:C", "bb1:55t.a", "", [ "$bb" ] ],
    [ "bb1:bn.7", "uno:5V", "red", [ "v171.5", "h121.6" ] ],
    [ "lcd1:VDD", "bb1:bn.8", "red", [ "v67.2", "h20.1" ] ],
    [ "r5:1", "bb1:3b.h", "", [ "$bb" ] ],
    [ "r5:2", "bb1:bn.1", "", [ "$bb" ] ],
    [ "ldr1:AO", "uno:A0", "purple", [ "v354.5", "h237.6" ] ],
    [ "ldr1:DO", "bb1:3b.f", "", [ "$bb" ] ],
    [ "ldr1:AO", "bb1:3b.g", "", [ "$bb" ] ],
    [ "bb1:bn.6", "bb1:bn.4", "red", [ "v8.3", "h-28.8" ] ],
    [ "bb1:bn.34", "bb1:bn.37", "red", [ "v8.3", "h38.4" ] ]
  ],
  "dependencies": {}
}